Neighborhood,Neighborhood Latitude,Neighborhood Longitude,Venue,Venue Latitude,Venue Longitude,Venue Category,labels
"Agios Eleftherios, Athens",38.0200439,23.7317245,Το Μανταλάκι,38.02044289317083,23.73289536852563,Kafenio,0
"Agios Eleftherios, Athens",38.0200439,23.7317245,Το Πεϊνιρλί της Πόλης,38.01939758167016,23.731204840392277,Snack Place,0
"Agios Eleftherios, Athens",38.0200439,23.7317245,Latica,38.019196542521044,23.7291847757173,Café,0
"Agios Eleftherios, Athens",38.0200439,23.7317245,Το Παραδοσιακό,38.02109443037262,23.731908840175976,Bakery,0
"Agios Eleftherios, Athens",38.0200439,23.7317245,Η Συνάντηση,38.01968883773397,23.730404376983643,Kafenio,0
"Agios Eleftherios, Athens",38.0200439,23.7317245,Φούρνος Σόρογκα,38.020992356414204,23.731948637412337,Bakery,0
"Agios Eleftherios, Athens",38.0200439,23.7317245,4 Εποχές Μουσικό Μεζεδοπωλείο,38.01908993899403,23.729327924171535,Meze Restaurant,0
"Akadimia, Athens",37.9804237,23.7347616,Grain - Espresso Bar,37.98012822335477,23.737107526676493,Café,0
"Akadimia, Athens",37.9804237,23.7347616,Petite Fleur,37.98013420379679,23.73714501671613,Café,0
"Akadimia, Athens",37.9804237,23.7347616,Talkin' Heads,37.98157636295541,23.736628897217464,Health & Beauty Service,0
"Akadimia, Athens",37.9804237,23.7347616,Piadina  L' Umbro,37.979424,23.73563,Italian Restaurant,0
"Akadimia, Athens",37.9804237,23.7347616,Nakama Casual Sushi Bar,37.98164026708985,23.73673809182364,Sushi Restaurant,0
"Akadimia, Athens",37.9804237,23.7347616,Μικρό Γκλόρια,37.98166524789833,23.732988776316944,Theater,0
"Akadimia, Athens",37.9804237,23.7347616,Duck Soup,37.98062131318366,23.7320258588366,Café,0
"Akadimia, Athens",37.9804237,23.7347616,Fine Mess Smokehouse,37.981986,23.736651,Steakhouse,0
"Ampelokipi, Athens",37.9868929,23.7635354,Cross Garage,37.98696041878344,23.765449955777434,Gym / Fitness Center,0
"Ampelokipi, Athens",37.9868929,23.7635354,TGI Fridays,37.986942,23.761057,American Restaurant,0
"Ampelokipi, Athens",37.9868929,23.7635354,Αθήναιον,37.98604206328492,23.761170758762997,Multiplex,0
"Ampelokipi, Athens",37.9868929,23.7635354,Ζύμη & Σάλτσα,37.985791,23.762631,Breakfast Spot,0
"Ampelokipi, Athens",37.9868929,23.7635354,Άνεσις - Θεατρική σκηνή Ανδρέας Βουτσινάς,37.98720342871086,23.761999108041316,Theater,0
"Ampelokipi, Athens",37.9868929,23.7635354,Cubania Dancehouse,37.98682944140715,23.761357969858945,Dance Studio,0
"Ampelokipi, Athens",37.9868929,23.7635354,Catedral (Estudio de Tango),37.98754526927012,23.7661338402497,Dance Studio,0
"Ampelokipi, Athens",37.9868929,23.7635354,Κεμπαπτζίδικον Κωνσταντινίδης,37.986736,23.761002,Kebab Restaurant,0
"Ampelokipi, Athens",37.9868929,23.7635354,boo,37.988758168844164,23.7641100531743,Café,0
"Ampelokipi, Athens",37.9868929,23.7635354,Κάισσα Cafe,37.985381256400885,23.761815956738477,Café,0
"Ampelokipi, Athens",37.9868929,23.7635354,e-branch Τράπεζας Πειραιώς,37.98679893742245,23.76085402426179,Bank,0
"Ampelokipi, Athens",37.9868929,23.7635354,President Hotel Athens,37.989052353778455,23.76384347089262,Hotel,0
"Ampelokipi, Athens",37.9868929,23.7635354,Viet Au,37.987292,23.764265,Vietnamese Restaurant,0
"Ampelokipi, Athens",37.9868929,23.7635354,New York Power Gym,37.985169166341244,23.761877414764122,Gym,0
"Ampelokipi, Athens",37.9868929,23.7635354,Φούρνος Βενέτη,37.98756720591385,23.7625241847623,Bakery,0
"Ampelokipi, Athens",37.9868929,23.7635354,Άρτος & Τέχνη,37.98674865414474,23.765336357156343,Bakery,0
"Ampelokipi, Athens",37.9868929,23.7635354,Everest,37.98677998875271,23.76151309190965,Snack Place,0
Anafiotika,37.9723318,23.7282579,Parthenon (Παρθενώνας),37.97169553796517,23.726805989207776,Historic Site,0
Anafiotika,37.9723318,23.7282579,Acropolis of Athens (Ακρόπολη Αθηνών),37.971190738751716,23.726548701524734,Hill,0
Anafiotika,37.9723318,23.7282579,Erechtheion (Ερέχθειο),37.971935447208175,23.726407885551453,Historic Site,0
Anafiotika,37.9723318,23.7282579,Yiasemi (Γιασεμί),37.97349940656474,23.727907940624572,Café,0
Anafiotika,37.9723318,23.7282579,Tower of the Winds - Horologion of Andronicos (Αέρηδες - Ωρολόγιο του Κυρρήστου),37.97402594671022,23.727221470083858,Historic Site,0
Anafiotika,37.9723318,23.7282579,Brettos,37.971736619641355,23.730462159278765,Distillery,0
Anafiotika,37.9723318,23.7282579,Anafiotika (Αναφιώτικα),37.973419,23.727784,Kafenio,0
Anafiotika,37.9723318,23.7282579,Kafeneio (Καφενείο),37.97260347629719,23.7295028588634,Greek Restaurant,0
Anafiotika,37.9723318,23.7282579,Άγιος Νικόλαος Ραγκαβά,37.972569871665996,23.72909032301503,Church,0
Anafiotika,37.9723318,23.7282579,Theatre of Dionysus Eleuthereus (Θέατρο Διονύσου Ελευθερέως),37.9703,23.727738,Historic Site,0
Anafiotika,37.9723318,23.7282579,Boîte Apanemia (Μπουάτ Απανεμιά),37.97324053744755,23.727594992429374,Other Nightlife,0
Anafiotika,37.9723318,23.7282579,Κλεψύδρα,37.973572055642926,23.72664595008485,Café,0
Anafiotika,37.9723318,23.7282579,Beneths,37.9732731033807,23.72979279567674,Restaurant,0
Anafiotika,37.9723318,23.7282579,Cafe Plaka,37.973171737056255,23.72915925850738,Café,0
Anafiotika,37.9723318,23.7282579,Athens University History Museum (Μουσείο Ιστορίας Πανεπιστημίου Αθηνών),37.973205797568745,23.72712515409516,History Museum,0
Anafiotika,37.9723318,23.7282579,Lysikrates Monument (Μνημείο Λυσικράτη),37.97103956183999,23.730027168235623,Historic Site,0
Anafiotika,37.9723318,23.7282579,Melina Café (Μελίνα Café),37.973294659198125,23.728730060616655,Café,0
Anafiotika,37.9723318,23.7282579,Palia Taverna tou Psarra (Παλιά Ταβέρνα του Ψαρρά),37.97303614723046,23.728610294039974,Taverna,0
Anafiotika,37.9723318,23.7282579,Ambrosia The Refreshment Bar,37.972116,23.73036,Juice Bar,0
Anafiotika,37.9723318,23.7282579,Asclepeion (Ασκληπιείο),37.970650130997136,23.72668513593001,Historic Site,0
Anafiotika,37.9723318,23.7282579,Pandroseion (Πανδρόσειον),37.97207180055492,23.726175445569975,Historic Site,0
Anafiotika,37.9723318,23.7282579,Canellopoulos Museum (Μουσείο Κανελλοπούλου),37.97287001408032,23.725903630256653,History Museum,0
Ano Petralona,37.97046695,23.7129377997044,Άστερ,37.969003189332895,23.712712661958598,Meze Restaurant,0
Ano Petralona,37.97046695,23.7129377997044,Κύριος Χου,37.970516292543145,23.71260376487261,Café,0
Ano Petralona,37.97046695,23.7129377997044,Blue Bamboo,37.970062082360855,23.712482913247282,Thai Restaurant,0
Ano Petralona,37.97046695,23.7129377997044,Κλουβί,37.97006854359037,23.71251933059996,Bar,0
Ano Petralona,37.97046695,23.7129377997044,Paribaba,37.969269,23.712877,Cocktail Bar,0
Ano Petralona,37.97046695,23.7129377997044,Χρύσα Χρύσα,37.968273,23.713135,Modern Greek Restaurant,0
Ano Petralona,37.97046695,23.7129377997044,Botela,37.97008357077764,23.7133579137071,Cocktail Bar,0
Ano Petralona,37.97046695,23.7129377997044,Αντέτι,37.96917,23.712946,Meze Restaurant,0
Ano Petralona,37.97046695,23.7129377997044,Ταβέρνα του Διοματάρη,37.97115682305736,23.712995542752147,Cretan Restaurant,0
Ano Petralona,37.97046695,23.7129377997044,jug norris,37.970805,23.713094,Bar,0
Ano Petralona,37.97046695,23.7129377997044,Ταβέρνα του Οικονόμου,37.969773,23.71322,Taverna,0
Ano Petralona,37.97046695,23.7129377997044,Ασχημόπαπο,37.96874953861064,23.71424498973535,Greek Restaurant,0
Ano Petralona,37.97046695,23.7129377997044,Θεραπευτήριο,37.969619077759404,23.713790514710833,Greek Restaurant,0
Ano Petralona,37.97046695,23.7129377997044,το θείο τραγί,37.96950915712835,23.713428257130005,Gastropub,0
Ano Petralona,37.97046695,23.7129377997044,Λεμονανθός,37.969727,23.713129,Greek Restaurant,0
Ano Petralona,37.97046695,23.7129377997044,Karderina (Καρδερίνα),37.96859732291203,23.713486394915726,Tsipouro Restaurant,0
Ano Petralona,37.97046695,23.7129377997044,Gym Look,37.970638494533816,23.71110803081252,Gym,0
Ano Petralona,37.97046695,23.7129377997044,Κήπος της Τρώων,37.96996263365041,23.71334201304242,Greek Restaurant,0
Ano Petralona,37.97046695,23.7129377997044,Το Κρέας,37.97011347567616,23.71247096291412,Steakhouse,0
Ano Petralona,37.97046695,23.7129377997044,Πλειάδες,37.96975081378906,23.713133708191126,Greek Restaurant,0
Ano Petralona,37.97046695,23.7129377997044,Σαλός Λαγός,37.96853312696128,23.712574848006817,Greek Restaurant,0
Ano Petralona,37.97046695,23.7129377997044,Τσιπουράδικο του Αποστόλη,37.96962,23.713137,Tsipouro Restaurant,0
Ano Petralona,37.97046695,23.7129377997044,Χαλυβουργειο,37.969832267326844,23.714036108601515,Greek Restaurant,0
Asteroskopeio,37.9731246,23.7199851,National Observatory of Athens (Εθνικό Αστεροσκοπείο Αθηνών),37.97278800908682,23.71788399810668,Planetarium,0
Asteroskopeio,37.9731246,23.7199851,Pnyx (Πνύκα),37.97171199095163,23.719594584259426,Historic Site,0
Asteroskopeio,37.9731246,23.7199851,divino wine case,37.97442758767211,23.718864379748425,Lounge,0
Asteroskopeio,37.9731246,23.7199851,Καφενείον Ακροπόλεως,37.973562811094666,23.720247310269496,Meze Restaurant,0
Asteroskopeio,37.9731246,23.7199851,Γεύομαι και Μαγεύομαι,37.97491550697727,23.718362258407677,Greek Restaurant,0
Asteroskopeio,37.9731246,23.7199851,Σκάλες,37.974637358964415,23.71925005067923,Meze Restaurant,0
Asteroskopeio,37.9731246,23.7199851,Thissio View (Θέα Θησείο),37.9740619525035,23.71983055603748,Café,0
Asteroskopeio,37.9731246,23.7199851,El Bandoneon,37.97443700800542,23.71881978342929,Nightclub,0
Asteroskopeio,37.9731246,23.7199851,Chocolat Royal,37.97419870372403,23.719968657688177,Restaurant,0
Asteroskopeio,37.9731246,23.7199851,Coyoacan Athens,37.97506739166823,23.719087171306047,South American Restaurant,0
Asteroskopeio,37.9731246,23.7199851,Καφενείο Θησείο,37.974525063757035,23.719168710915113,Café,0
Asteroskopeio,37.9731246,23.7199851,Lontos,37.974628380664505,23.71975065550948,Mediterranean Restaurant,0
Asteroskopeio,37.9731246,23.7199851,Αυλή,37.975107203991925,23.718640640762814,Café,0
Asteroskopeio,37.9731246,23.7199851,Απο κουπα,37.9745785884964,23.719476096503826,Bar,0
Asteroskopeio,37.9731246,23.7199851,Dama Koupa,37.97451639362865,23.719387926147093,Café,0
Asteroskopeio,37.9731246,23.7199851,Γευσεις Περιπατου,37.97286868064487,23.72062444277517,Greek Restaurant,0
Asteroskopeio,37.9731246,23.7199851,Phidias Hotel,37.97503227289647,23.719672800620508,Hotel,0
Asteroskopeio,37.9731246,23.7199851,Αθηναίων Πολιτεία,37.97450987103171,23.719797568523873,Café,0
Asteroskopeio,37.9731246,23.7199851,Ακροπόλ Cafe,37.97455696264302,23.71951287534781,Café,0
Asteroskopeio,37.9731246,23.7199851,Abibayio (Αμπιμπάγιο),37.97508,23.718617,Meze Restaurant,0
Asteroskopeio,37.9731246,23.7199851,Ηλιοστάσιο,37.97467240275714,23.719288997067082,Café,0
Asteroskopeio,37.9731246,23.7199851,Kono Pizza,37.974493848583094,23.71902108192444,Pizza Place,0
Asteroskopeio,37.9731246,23.7199851,Dos Akamas,37.97450585786752,23.719286601066198,Bar,0
Asteroskopeio,37.9731246,23.7199851,space  by avli,37.97508778756146,23.71863248415,Café,0
Ellinoroson,37.9976828,23.7746661,Χοντρό Αλάτι,37.999064235443534,23.774802242741075,Greek Restaurant,0
Ellinoroson,37.9976828,23.7746661,Personal Gym Studio by George Papadimakis,37.99655061192805,23.772737206384658,Gym,0
Ellinoroson,37.9976828,23.7746661,Tennis Ελληνορώσων,37.99973062404594,23.77517936067303,Tennis Court,0
Ellinoroson,37.9976828,23.7746661,barrio 12,37.99887554088263,23.774281260931314,Café,0
Ellinoroson,37.9976828,23.7746661,Ρέθεμνος,37.99849150294061,23.77320418809971,Cretan Restaurant,0
Ellinoroson,37.9976828,23.7746661,The Sushi Bar,37.99828021872743,23.7754409923994,Sushi Restaurant,0
Ellinoroson,37.9976828,23.7746661,Σκατζοχοιρος,37.99674818316228,23.773204188099715,Greek Restaurant,0
Ellinoroson,37.9976828,23.7746661,Siló,37.998912341909026,23.774442877134994,Restaurant,0
Ellinoroson,37.9976828,23.7746661,Δημοτικό Γήπεδο Μπάσκετ,37.997008647428395,23.776565916907714,Basketball Court,0
Exarcheia,37.9866527,23.7348394,Αλεξανδρινό,37.98598109942727,23.735507355864257,Bar,0
Exarcheia,37.9866527,23.7348394,Καραγκιόζης,37.98600059717795,23.73266215976166,Kafenio,0
Exarcheia,37.9866527,23.7348394,Γιάντες,37.98548737209639,23.73598268950343,Greek Restaurant,0
Exarcheia,37.9866527,23.7348394,Kik Project,37.985007,23.733775,Bar,0
Exarcheia,37.9866527,23.7348394,Άμα Λάχει στης Νεφέλης,37.98791855550784,23.73682103210383,Meze Restaurant,0
Exarcheia,37.9866527,23.7348394,Cookoomela Grill,37.98572861508066,23.733590841293335,Vegetarian / Vegan Restaurant,0
Exarcheia,37.9866527,23.7348394,απ' αλλού,37.985930752665915,23.733837067494946,Falafel Restaurant,0
Exarcheia,37.9866527,23.7348394,CrepeXarchia,37.988120314461675,23.734855179371788,Snack Place,0
Exarcheia,37.9866527,23.7348394,Σχοινοβάτης,37.985885765013975,23.733401824881273,Bar,0
Exarcheia,37.9866527,23.7348394,Beatniks Road Bar,37.984780463723055,23.73415734829929,Bar,0
Exarcheia,37.9866527,23.7348394,Μαύρος Γάτος,37.98604468185822,23.732515434311072,Bar,0
Exarcheia,37.9866527,23.7348394,Talking Breads,37.986975,23.734546,Fast Food Restaurant,0
Exarcheia,37.9866527,23.7348394,Ατίταμος,37.9860577134869,23.732394425485168,Greek Restaurant,0
Exarcheia,37.9866527,23.7348394,Μπούκα,37.98671313991022,23.732228983007943,Magirio,0
Exarcheia,37.9866527,23.7348394,Ίντριγκα,37.98688034683431,23.735938824320577,Café,0
"Ilisia, Athens",37.975425,23.7545296,Καντίνα Μιχαλακοπούλου,37.97641804311893,23.75384353113006,Food Truck,0
"Ilisia, Athens",37.975425,23.7545296,Σκαλάκια,37.976482176803884,23.756226566880645,Grilled Meat Restaurant,0
"Ilisia, Athens",37.975425,23.7545296,Vlassis,37.97748674556186,23.75491750327689,Greek Restaurant,0
"Ilisia, Athens",37.975425,23.7545296,Κίτρινος Σκίουρος,37.975870404890166,23.75590672181767,Brazilian Restaurant,0
"Ilisia, Athens",37.975425,23.7545296,Crowne Plaza Club Lounge,37.97685714127722,23.755071641867456,Restaurant,0
"Ilisia, Athens",37.975425,23.7545296,Πάρκο Συγγρός,37.97376717086941,23.752797617030602,Park,0
"Ilisia, Athens",37.975425,23.7545296,Crowne Plaza,37.9768335,23.7551864,Hotel,0
"Ilisia, Athens",37.975425,23.7545296,Everest,37.97740004397099,23.755280755757383,Sandwich Place,0
"Ilisia, Athens",37.975425,23.7545296,Saloon,37.97589170373448,23.75599345916136,Piano Bar,0
"Ilisia, Athens",37.975425,23.7545296,Crowne Plaza Rooftop Restaurant,37.976905,23.755218,Restaurant,0
Kerameikos,37.97863355,23.71822090937423,Hammam Baths,37.97845756580087,23.72057057150401,Spa,0
Kerameikos,37.97863355,23.71822090937423,ΡΑΚΟΡ,37.9803908807664,23.717081847182858,Greek Restaurant,0
Kerameikos,37.97863355,23.71822090937423,Museum of Islamic Art (Μουσείο Ισλαμικής Τέχνης),37.97922797216696,23.72030481735207,Art Museum,0
Kerameikos,37.97863355,23.71822090937423,Hotel Ερμού,37.977785654409125,23.716208007298707,Nightclub,0
Kerameikos,37.97863355,23.71822090937423,BIOS,37.97983456638511,23.71814535520918,Event Space,0
Kerameikos,37.97863355,23.71822090937423,Acro,37.97871964391595,23.715931083667407,Nightclub,0
Kerameikos,37.97863355,23.71822090937423,Archaeological Site of Kerameikos (Αρχαιολογικός Χώρος Κεραμεικού),37.979666204603696,23.719775072951688,Historic Site,0
Kerameikos,37.97863355,23.71822090937423,Akanthus Stage // Διονύσης Σχοινάς,37.97945706079863,23.715879434733946,Nightclub,0
Kerameikos,37.97863355,23.71822090937423,Tesla Bar,37.97973163491237,23.718236706388456,Cocktail Bar,0
Kerameikos,37.97863355,23.71822090937423,Φούρνος Δήμου,37.97653790352661,23.717305044593903,Bakery,0
Kerameikos,37.97863355,23.71822090937423,Θησείον,37.97845007252923,23.72104710034203,Theater,0
Kerameikos,37.97863355,23.71822090937423,Eridanus Luxury Art Hotel,37.9801702756459,23.718381035450538,Hotel,0
Kerameikos,37.97863355,23.71822090937423,ΧΟρΟLOGIE,37.98009016445293,23.71878682588516,Dance Studio,0
Kerameikos,37.97863355,23.71822090937423,Το Στέκι του Ηλία Νο2,37.977078374278726,23.71823496406343,Greek Restaurant,0
Kerameikos,37.97863355,23.71822090937423,Chez Lucien,37.979805,23.718086,Bistro,0
Kerameikos,37.97863355,23.71822090937423,Jason Inn Hotel,37.9785848687022,23.720580860346335,Hotel,0
Kerameikos,37.97863355,23.71822090937423,Taverna at Bios,37.980053,23.717972,Greek Restaurant,0
Kerameikos,37.97863355,23.71822090937423,Χώρος Τέχνης Ασωμάτων,37.97811367968124,23.720866954979144,Performing Arts Venue,0
Kerameikos,37.97863355,23.71822090937423,Vox,37.97919971782774,23.71575797755561,Nightclub,0
Kerameikos,37.97863355,23.71822090937423,Cube Project,37.980351692674,23.717988285115943,Bar,0
Kerameikos,37.97863355,23.71822090937423,Kolaz (Κολάζ),37.979856590906074,23.71693210568243,Café,0
Kerameikos,37.97863355,23.71822090937423,Mezzanine,37.97785010926536,23.71617919463196,Nightclub,0
Kolonaki,37.9769749,23.7408135,Museum of Cycladic Art (Μουσείο Κυκλαδικής Τέχνης),37.97584344774846,23.742230726445747,History Museum,0
Kolonaki,37.9769749,23.7408135,Άλ3ξ,37.97839189147874,23.741426467881865,Italian Restaurant,0
Kolonaki,37.9769749,23.7408135,Dry,37.97663363463448,23.740716049378445,Café,0
Kolonaki,37.9769749,23.7408135,Benaki Museum (Μουσείο Μπενάκη),37.97595883982678,23.74047222263305,Museum,0
Kolonaki,37.9769749,23.7408135,Me Kolonaki,37.976543,23.742457,Café,0
Kolonaki,37.9769749,23.7408135,TGI Fridays,37.975779310606804,23.741269987892597,American Restaurant,0
Kolonaki,37.9769749,23.7408135,The Fitting Room,37.97629471159812,23.742791219531163,Gym / Fitness Center,0
Kolonaki,37.9769749,23.7408135,Ruins Athens Urban Area,37.97768363483082,23.740870345927444,Cocktail Bar,0
Kolonaki,37.9769749,23.7408135,Chez Michel,37.97665796586328,23.74258526678501,Café,0
Kolonaki,37.9769749,23.7408135,Φάρμα Μπράλου - Ψητοκρεοπωλείο,37.977634,23.739359,Grilled Meat Restaurant,0
Kolonaki,37.9769749,23.7408135,Impasto,37.977016,23.739172,Pizza Place,0
Kolonaki,37.9769749,23.7408135,Δεξαμενή,37.97897945369829,23.741899071760404,Café,0
Kolonaki,37.9769749,23.7408135,it,37.97875937258704,23.739418711773535,Comfort Food Restaurant,0
Kolonaki,37.9769749,23.7408135,Ο Δρόμος του Τσαγιού,37.976701133785056,23.74210494535823,Tea Room,0
Kolonaki,37.9769749,23.7408135,T5,37.97772853386079,23.740802724472832,Bar,0
Kolonaki,37.9769749,23.7408135,Mayor,37.976734208256794,23.74053115225007,Restaurant,0
Kolonaki,37.9769749,23.7408135,Da Capo,37.97743975043247,23.74101529919522,Café,0
Kolonaki,37.9769749,23.7408135,B&M Theocharakis Foundation for the Fine Arts & Music (Ίδρυμα Εικαστικών Τεχνών & Μουσικής Β&Μ Θεοχαράκη),37.976034618579085,23.738376772622694,Art Museum,0
Kolonaki,37.9769749,23.7408135,Dharma,37.97779195449864,23.74075260668855,Cocktail Bar,0
Kolonaki,37.9769749,23.7408135,Κυλικείο Μουσείου Μπενάκη,37.97603218023415,23.740409188364723,Café,0
Koukaki,37.9634559,23.7220234,ΜΠΕΛ ΡΕΫ,37.96245177492908,23.722703078727303,Café,0
Koukaki,37.9634559,23.7220234,Ο Λόλος,37.96330952374331,23.721635025911773,Meze Restaurant,0
Koukaki,37.9634559,23.7220234,Coffee House Food&Drink,37.964272,23.723019,Café,0
Koukaki,37.9634559,23.7220234,Strange Brew,37.962492,23.723034,Beer Bar,0
Koukaki,37.9634559,23.7220234,ΤΖΑΪΑΝΤ,37.962467,23.722555,Pizza Place,0
Koukaki,37.9634559,23.7220234,Neratzia,37.963766,23.72195,Café,0
Koukaki,37.9634559,23.7220234,Ρίζος,37.96349506034776,23.72000023739696,Bakery,0
Koukaki,37.9634559,23.7220234,HIIT,37.962812624349716,23.7215196588885,Gymnastics Gym,0
Koukaki,37.9634559,23.7220234,Spirtokouto (Σπιρτόκουτο),37.9628985892413,23.722159145169428,Bar,0
Koukaki,37.9634559,23.7220234,Papadalup,37.96327148786411,23.721695670107295,Café,0
Koukaki,37.9634559,23.7220234,Δύο Δεκάρες η Οκά,37.96385933503549,23.72343843301012,Magirio,0
Koukaki,37.9634559,23.7220234,Pizzeria Romas,37.96358302042667,23.72294247150421,Pizza Place,0
Koukaki,37.9634559,23.7220234,BoBo - Boheme Bourgeois,37.96316506851713,23.724219190171382,Wine Bar,0
Koukaki,37.9634559,23.7220234,Koukles (Κούκλες),37.962585617559014,23.7237004630163,Gay Bar,0
Koukaki,37.9634559,23.7220234,Umami Panda (Asian Food),37.963155,23.721716,Asian Restaurant,0
Koukaki,37.9634559,23.7220234,Μικρή Βενετία,37.96279110973635,23.72227927530303,Meze Restaurant,0
Koukaki,37.9634559,23.7220234,Materia Prima,37.963367011572544,23.724706974450232,Wine Bar,0
Koukaki,37.9634559,23.7220234,Indian Chef,37.962781309564086,23.724580400778546,Indian Restaurant,0
Koukaki,37.9634559,23.7220234,Παγκάκι,37.9626743346998,23.722356365338513,Café,0
Koukaki,37.9634559,23.7220234,Κουκί,37.96325384734019,23.721734410483542,Café,0
Koukaki,37.9634559,23.7220234,Bite Box,37.963626,23.72173,Snack Place,0
Koukaki,37.9634559,23.7220234,Γιουμπάμπα,37.9633486509894,23.721526306931626,Meze Restaurant,0
Koukaki,37.9634559,23.7220234,ΑΣύΜΜΕΤΡΟ,37.96282757775163,23.722268315321198,Café,0
Koukaki,37.9634559,23.7220234,Το Τζάντε,37.96423292966235,23.722803663242516,Snack Place,0
Koukaki,37.9634559,23.7220234,La Secta Dance Company,37.96269233518517,23.724377836000674,Dance Studio,0
Koukaki,37.9634559,23.7220234,Ποτάμι,37.962158643196105,23.722660963119896,Kafenio,0
Koukaki,37.9634559,23.7220234,Γαρύφαλλο Κανέλα,37.96273411817282,23.723447143666245,Taverna,0
Koukaki,37.9634559,23.7220234,Laluk,37.962887123697456,23.722214598252755,Bar,0
Koukaki,37.9634559,23.7220234,Meerkat Cocktail Safari,37.963857047780394,23.724738788425892,Cocktail Bar,0
Koukaki,37.9634559,23.7220234,Αυλή,37.96328649652557,23.721606128686144,Kafenio,0
Koukaki,37.9634559,23.7220234,Κουτουκάκι,37.96311378632374,23.720669618548506,Taverna,0
Koukaki,37.9634559,23.7220234,Marble House,37.96388750134302,23.72412494790527,Bed & Breakfast,0
Koukaki,37.9634559,23.7220234,Val Paraiso,37.96327107051108,23.72171189185446,Bar,0
Koukaki,37.9634559,23.7220234,Πατάρι,37.9630240819687,23.721979825580743,Café,0
Koukaki,37.9634559,23.7220234,TOYOTA ΛΑΜΔΑ ΑΕ,37.961908989279756,23.723559698306754,Auto Dealership,0
Koukaki,37.9634559,23.7220234,Παντιέρα,37.963380803860346,23.721363572050944,Café,0
Koukaki,37.9634559,23.7220234,Η Φάμπρικα του Ευφρόσυνου,37.963261027958815,23.724115900548085,Greek Restaurant,0
Koukaki,37.9634559,23.7220234,Ολυμπίου Αμάλθεια,37.963072,23.721657,Greek Restaurant,0
Koukaki,37.9634559,23.7220234,Αυλή,37.962105809576734,23.72062229125706,Greek Restaurant,0
Koukaki,37.9634559,23.7220234,Flexus Gym,37.96218107626946,23.720911157393108,Gym,0
Kountouriotika,37.9853355,23.7541956,Balthazar,37.98575773510884,23.75598295337682,Restaurant,0
Kountouriotika,37.9853355,23.7541956,"Οινομαγειρείο ""Τριφύλλι""",37.98719826007961,23.753059274978817,Magirio,0
Kountouriotika,37.9853355,23.7541956,Green Art Cafe,37.98710282534592,23.75310245667791,Café,0
Kountouriotika,37.9853355,23.7541956,Ψαροχώρι,37.985386,23.757008,Seafood Restaurant,0
Kountouriotika,37.9853355,23.7541956,Baraonda,37.98658518474051,23.753936307012847,Modern European Restaurant,0
Kountouriotika,37.9853355,23.7541956,Best Western Plus Embassy Hotel,37.98389674182048,23.75593506264522,Hotel,0
Kountouriotika,37.9853355,23.7541956,Minimal cafe,37.98583918394212,23.756474286447983,Café,0
Kountouriotika,37.9853355,23.7541956,Andromeda Suites & Apartments,37.983843163860634,23.75567387581899,Hotel,0
"Kypseli, Athens",38.0028116,23.7422685,Βιολέτα,38.00301468599547,23.741648134665848,Ouzeri,0
"Kypseli, Athens",38.0028116,23.7422685,Yria,38.001736,23.739861,Café,0
"Kypseli, Athens",38.0028116,23.7422685,Πειρασμος,38.00281196817432,23.74486212383212,Greek Restaurant,0
"Kypseli, Athens",38.0028116,23.7422685,Μπακαλόγατος,38.00178520551434,23.739980956882057,Greek Restaurant,0
"Kypseli, Athens",38.0028116,23.7422685,Γρηγόρης,38.00277718569114,23.74105145290983,Snack Place,0
"Kypseli, Athens",38.0028116,23.7422685,Joy's,38.0039130418731,23.741943230879524,Fast Food Restaurant,0
"Makrygianni, Athens",37.9687219,23.7295949,Acropolis Museum (Μουσείο Ακρόπολης),37.96882145568731,23.728256129152648,History Museum,0
"Makrygianni, Athens",37.9687219,23.7295949,Wine O'Clock,37.96777,23.729855,Wine Bar,0
"Makrygianni, Athens",37.9687219,23.7295949,Το κάτι άλλο!,37.967645,23.728709,Grilled Meat Restaurant,0
"Makrygianni, Athens",37.9687219,23.7295949,Hitchcocktales,37.968240636160715,23.729977313310364,Cocktail Bar,0
"Makrygianni, Athens",37.9687219,23.7295949,AthensWas Hotel,37.969597640885134,23.730808048162316,Hotel,0
"Makrygianni, Athens",37.9687219,23.7295949,Little Tree Books & Coffee,37.96817934979005,23.72713476844918,Café,0
"Makrygianni, Athens",37.9687219,23.7295949,novagea,37.97044089509671,23.73002493148675,Juice Bar,0
"Makrygianni, Athens",37.9687219,23.7295949,Namaste Indian Restaurant,37.967731863586,23.730002045631405,Indian Restaurant,0
"Makrygianni, Athens",37.9687219,23.7295949,Athens Studios,37.967265758278046,23.72873192637142,Hostel,0
"Makrygianni, Athens",37.9687219,23.7295949,Herodion Hotel,37.968403227660595,23.727123858181713,Hotel,0
"Makrygianni, Athens",37.9687219,23.7295949,Balcony Restaurant & Bar,37.967257,23.728875,Greek Restaurant,0
"Makrygianni, Athens",37.9687219,23.7295949,Theatre of Dionysus Eleuthereus (Θέατρο Διονύσου Ελευθερέως),37.9703,23.727738,Historic Site,0
"Makrygianni, Athens",37.9687219,23.7295949,Acropolis Museum Shop,37.96855348676145,23.72819828472296,Museum,0
"Makrygianni, Athens",37.9687219,23.7295949,'Opos Palia (Όπως Παλιά),37.967503,23.728746,Café,0
"Makrygianni, Athens",37.9687219,23.7295949,Ελλέβορο,37.968292,23.727365,Restaurant,0
"Makrygianni, Athens",37.9687219,23.7295949,Athens Gate Hotel,37.96883855685734,23.73132868626159,Hotel,0
"Makrygianni, Athens",37.9687219,23.7295949,Point α,37.96848479685707,23.727182727234375,Mediterranean Restaurant,0
"Makrygianni, Athens",37.9687219,23.7295949,Winepoint,37.96855175941649,23.729858641419437,Wine Bar,0
"Makrygianni, Athens",37.9687219,23.7295949,Gargaretta,37.96817,23.727076,Café,0
"Makrygianni, Athens",37.9687219,23.7295949,Aglio Olio e Peperoncino,37.96796062519551,23.729973568836403,Italian Restaurant,0
"Makrygianni, Athens",37.9687219,23.7295949,Tiki Athens,37.966728306046,23.72892676276418,Tiki Bar,0
"Makrygianni, Athens",37.9687219,23.7295949,Coco-Mat Hotel,37.967135,23.729159,Hotel,0
"Makrygianni, Athens",37.9687219,23.7295949,7Cactus,37.966878498847876,23.728232587809263,Deli / Bodega,0
"Makrygianni, Athens",37.9687219,23.7295949,Παλιό Ραδιόφωνο,37.96839248313351,23.730746111063706,Bar,0
"Makrygianni, Athens",37.9687219,23.7295949,Karolos Koun Art Theater (Θέατρο Τέχνης Καρόλου Κουν),37.97008623258855,23.73070790596323,Theater,0
"Makrygianni, Athens",37.9687219,23.7295949,Αθήναι Bistrot,37.96936278064621,23.72982373244014,Café,0
"Makrygianni, Athens",37.9687219,23.7295949,Acron Cafe,37.96859913325329,23.729890931206057,Bistro,0
"Makrygianni, Athens",37.9687219,23.7295949,The Salad Project,37.96757422888564,23.730753500843175,Salad Place,0
"Makrygianni, Athens",37.9687219,23.7295949,Athens Backpackers,37.968679000717586,23.730520857702356,Hostel,0
"Makrygianni, Athens",37.9687219,23.7295949,Athina Souvlaki,37.967808,23.729314,Greek Restaurant,0
"Makrygianni, Athens",37.9687219,23.7295949,Liondi Coffee & Wine (Λιόντι),37.9682925062635,23.72920582960904,Wine Bar,0
"Makrygianni, Athens",37.9687219,23.7295949,Duende,37.969525197333724,23.731227902302404,Bar,0
"Makrygianni, Athens",37.9687219,23.7295949,Sense,37.9695,23.730761,Greek Restaurant,0
"Makrygianni, Athens",37.9687219,23.7295949,Royal Indian Chef,37.967854,23.731276,Indian Restaurant,0
"Makrygianni, Athens",37.9687219,23.7295949,Froots Juice Bar,37.9685172078122,23.73016827071858,Juice Bar,0
"Makrygianni, Athens",37.9687219,23.7295949,Sfendoni Theater (Θέατρο Σφενδόνη),37.96913695260093,23.730546423036696,Theater,0
"Makrygianni, Athens",37.9687219,23.7295949,Elaea,37.96836333790097,23.729170503385955,Café,0
"Makrygianni, Athens",37.9687219,23.7295949,Avance,37.966630512596645,23.729338993253048,Rental Car Location,0
"Makrygianni, Athens",37.9687219,23.7295949,Philippos Hotel,37.96765776238997,23.727295917419806,Hotel,0
"Makrygianni, Athens",37.9687219,23.7295949,Patisserie Artemis,37.967836595947084,23.72909548826722,Creperie,0
"Makrygianni, Athens",37.9687219,23.7295949,Acropaul's,37.966752,23.728304,Wine Bar,0
"Makrygianni, Athens",37.9687219,23.7295949,ARCADIA authentic greek traditional restaurant,37.96826774643272,23.729235144313613,Greek Restaurant,0
"Makrygianni, Athens",37.9687219,23.7295949,Meno Male,37.96711,23.728011,Bistro,0
"Makrygianni, Athens",37.9687219,23.7295949,Pulp,37.96714374612422,23.728430180557947,Beer Bar,0
"Makrygianni, Athens",37.9687219,23.7295949,God's Restaurant (Οινομαγειρείο των Θεών),37.96815555172578,23.729188220516246,Greek Restaurant,0
"Makrygianni, Athens",37.9687219,23.7295949,Bock,37.966558,23.729969,Burger Joint,0
"Makrygianni, Athens",37.9687219,23.7295949,Atrium Greek Bistrot,37.96835392188075,23.72716045543969,Greek Restaurant,0
Metaxourgeio,37.9831504,23.718824,Μπλε Παπαγάλος,37.98277891705041,23.720052475926032,Bar,0
Metaxourgeio,37.9831504,23.718824,Aleria,37.98301666036783,23.717810232765572,Modern Greek Restaurant,0
Metaxourgeio,37.9831504,23.718824,Latraac,37.98169999641116,23.717558695938163,Bar,0
Metaxourgeio,37.9831504,23.718824,Seychelles (Σεϋχέλλες),37.982321898196474,23.720262799116398,Mediterranean Restaurant,0
Metaxourgeio,37.9831504,23.718824,Saorsa,37.98265735232668,23.72026260002328,Cocktail Bar,0
Metaxourgeio,37.9831504,23.718824,Κλωστήριον,37.98243721846054,23.719631218235264,Bar,0
Metaxourgeio,37.9831504,23.718824,Μπέμπα,37.98222086542645,23.720444431221857,Bistro,0
Metaxourgeio,37.9831504,23.718824,Alphaville,37.981903551938714,23.716631591176633,Bar,0
Metaxourgeio,37.9831504,23.718824,The Breeder Gallery,37.98473208493439,23.72006624370728,Art Gallery,0
Metaxourgeio,37.9831504,23.718824,Athens Municipal Gallery (Δημοτική Πινακοθήκη Αθηνών),37.983306732622644,23.719633391640816,Art Museum,0
Metaxourgeio,37.9831504,23.718824,Rabbithole,37.982781234106334,23.71795714558067,Theater,0
Metaxourgeio,37.9831504,23.718824,Proveleggios,37.983199,23.716057,Restaurant,0
Metaxourgeio,37.9831504,23.718824,ΧΑΟΥΖ,37.982578498746605,23.71747329645994,Bar,0
Metaxourgeio,37.9831504,23.718824,Tamarind,37.982334775341855,23.7200395557855,Thai Restaurant,0
Metaxourgeio,37.9831504,23.718824,Άσυλο,37.984662268081436,23.718121648076753,Bar,0
Metaxourgeio,37.9831504,23.718824,El Convento Del Arte,37.98511355568036,23.71874591241476,Wine Bar,0
Metaxourgeio,37.9831504,23.718824,Από Μηχανής Θέατρο,37.98208840592734,23.720514312155345,Theater,0
Metaxourgeio,37.9831504,23.718824,Steve’s Deli Tavern,37.981777,23.716733,New American Restaurant,0
Metaxourgeio,37.9831504,23.718824,Breeder Feeder,37.98472031051211,23.72003139599708,Restaurant,0
Metaxourgeio,37.9831504,23.718824,Μυροβόλος,37.983229657658825,23.719634252411755,Bar,0
Metaxourgeio,37.9831504,23.718824,Αστάρι,37.98293650405489,23.718452933329317,Greek Restaurant,0
Metaxourgeio,37.9831504,23.718824,Pipis place (Καφενείο Πίπις),37.982624,23.716465,Kafenio,0
Metaxourgeio,37.9831504,23.718824,Fulihua,37.9834070622255,23.720826515264605,Chinese Restaurant,0
Metaxourgeio,37.9831504,23.718824,Θέατρο Μεταξουργείο,37.98210462384186,23.720524343765106,Theater,0
Metaxourgeio,37.9831504,23.718824,Το Αυγό του Κόκορα,37.98266969517708,23.71928494116472,Greek Restaurant,0
Metaxourgeio,37.9831504,23.718824,500 μίλια μακριά,37.98227012875847,23.71647522272822,Café,0
Metaxourgeio,37.9831504,23.718824,Cabaret Voltaire,37.98300520477495,23.71836257189666,Bar,0
Metaxourgeio,37.9831504,23.718824,Lost 'n' Found,37.98218804960211,23.72007838573304,Bar,0
Metaxourgeio,37.9831504,23.718824,Cyrano,37.9847646152633,23.71926784515381,Creperie,0
Metaxourgeio,37.9831504,23.718824,Μια ζωή την έχουμε,37.98211552063408,23.717112331933507,Meze Restaurant,0
"Monastiraki, Athens",37.9764307,23.7259053,Crust,37.97806589208883,23.725404769308085,Pizza Place,0
"Monastiraki, Athens",37.9764307,23.7259053,Falafel House,37.97809278875602,23.72663539994878,Falafel Restaurant,0
"Monastiraki, Athens",37.9764307,23.7259053,six d.o.g.s,37.977505170237976,23.72683918837725,Bar,0
"Monastiraki, Athens",37.9764307,23.7259053,Barrett,37.9780900134331,23.725637697293095,Café,0
"Monastiraki, Athens",37.9764307,23.7259053,Buena Vista Social Bar,37.976715,23.723642,Bar,0
"Monastiraki, Athens",37.9764307,23.7259053,StreetWok,37.97690701950784,23.727675933765862,Asian Restaurant,0
"Monastiraki, Athens",37.9764307,23.7259053,Telaro,37.977533,23.727777,Café,0
"Monastiraki, Athens",37.9764307,23.7259053,Couleur Locale,37.97662401934152,23.7246172061138,Bar,0
"Monastiraki, Athens",37.9764307,23.7259053,The Art Foundation (TAF Athens),37.97656016068955,23.724549378445914,Art Gallery,0
"Monastiraki, Athens",37.9764307,23.7259053,Stoa of Attalos (Στοά Αττάλου),37.9751070059142,23.72422456741333,Historic Site,0
"Monastiraki, Athens",37.9764307,23.7259053,360°,37.97636824223865,23.725598973052822,Cocktail Bar,0
"Monastiraki, Athens",37.9764307,23.7259053,Mirch,37.977029871362205,23.723681496112583,Indian Restaurant,0
"Monastiraki, Athens",37.9764307,23.7259053,Roman Agora (Ρωμαϊκή Αγορά),37.97446752633277,23.725492880232295,Historic Site,0
"Monastiraki, Athens",37.9764307,23.7259053,Συν-οικία Πιττάκη,37.97722651524402,23.724659228641734,Public Art,0
"Monastiraki, Athens",37.9764307,23.7259053,Βρυσάκι Xώρος Τέχνης & Δράσης,37.97478502026725,23.72452661272388,Performing Arts Venue,0
"Monastiraki, Athens",37.9764307,23.7259053,Feyrouz,37.97811208203773,23.727797659211063,Middle Eastern Restaurant,0
"Monastiraki, Athens",37.9764307,23.7259053,Tailor Made,37.97726021119562,23.728161390736624,Café,0
"Monastiraki, Athens",37.9764307,23.7259053,Naanwich Indian Street Food,37.97706948408148,23.72323009429185,Indian Restaurant,0
"Monastiraki, Athens",37.9764307,23.7259053,Museum of the Ancient Agora (Μουσείο Αρχαίας Αγοράς),37.97507308584259,23.724189699833637,History Museum,0
"Monastiraki, Athens",37.9764307,23.7259053,Vintage Wine Bar,37.97583804422672,23.72858517145239,Wine Bar,0
"Monastiraki, Athens",37.9764307,23.7259053,Ακορντεόν,37.97756374884828,23.723670489590866,Greek Restaurant,0
"Monastiraki, Athens",37.9764307,23.7259053,Tailor’s House,37.977338,23.728121,Café,0
"Monastiraki, Athens",37.9764307,23.7259053,Monk Grapes And Spirits,37.97726087778793,23.727335700571818,Wine Bar,0
"Monastiraki, Athens",37.9764307,23.7259053,Hadrian's Library (Βιβλιοθήκη Αδριανού),37.975576458722394,23.725745583963445,Historic Site,0
"Monastiraki, Athens",37.9764307,23.7259053,Thanasis (Θανάσης),37.97628289909145,23.726584589715713,Kebab Restaurant,0
Mount Lycabettus,37.9818906,23.7431912,Lycabettus Hill (Λόφος Λυκαβηττού),37.98207549620242,23.74418020248413,Hill,0
Mount Lycabettus,37.9818906,23.7431912,Άλσος Λυκαβηττού,37.98216006119567,23.743858337402344,Park,0
Mount Lycabettus,37.9818906,23.7431912,56,37.97992011494794,23.744405745242574,Whisky Bar,0
Mount Lycabettus,37.9818906,23.7431912,Orizontes of Lycabettus (Ορίζοντες Λυκαβηττού),37.98180540388109,23.743464913485905,Mediterranean Restaurant,0
Mount Lycabettus,37.9818906,23.7431912,Sale e Pepe,37.98055013554942,23.745215306134703,Italian Restaurant,0
Mount Lycabettus,37.9818906,23.7431912,Sky Bar,37.98207966525732,23.74347427475071,Hotel Bar,0
Mount Lycabettus,37.9818906,23.7431912,K.GRILL,37.98207818521257,23.743448094192516,Grilled Meat Restaurant,0
Mount Lycabettus,37.9818906,23.7431912,Veranda,37.98024293469084,23.74419257369942,Meze Restaurant,0
Mount Lycabettus,37.9818906,23.7431912,Lycabettus Teleferik (Τελεφερίκ Λυκαβηττού),37.980279992199414,23.744112195226197,Cable Car,0
Mount Lycabettus,37.9818906,23.7431912,Lycabettus Trail,37.981483,23.743213,Trail,0
Nea Filothei,38.0221347,23.7848706,Παλιά Αγορά,38.023494107724396,23.786401163543232,Café,0
Nea Filothei,38.0221347,23.7848706,Bakers Ville,38.02345715011955,23.786344564914124,Bakery,0
Nea Filothei,38.0221347,23.7848706,Parko,38.023459160396314,23.78636013432253,Pier,0
Nea Filothei,38.0221347,23.7848706,Cross,38.023428,23.786448,Pizza Place,0
Nea Filothei,38.0221347,23.7848706,Drosopoulou,38.02172893697602,23.787613816377963,Park,0
"Neapoli, Athens",37.985326,23.741638,Blue Fox,37.984838799813424,23.740579162212438,Bar,0
"Neapoli, Athens",37.985326,23.741638,Τανίνη Αγάπη Μου,37.984718,23.739238,Wine Bar,0
"Neapoli, Athens",37.985326,23.741638,Jimmy's Hall,37.98681116037089,23.743693200724643,Café,0
"Neapoli, Athens",37.985326,23.741638,Studio Μαυρομιχάλη,37.98699864665461,23.74250424886147,Theater,0
"Neapoli, Athens",37.985326,23.741638,Η Λεύκα,37.98695339329751,23.74208905322753,Greek Restaurant,0
"Neapoli, Athens",37.985326,23.741638,City c Cafe,37.98649631082425,23.740268031188734,Café,0
"Neapoli, Athens",37.985326,23.741638,Πάμε γι'άλλα,37.98609268726661,23.740646229528714,Café,0
"Neos Kosmos, Athens",37.9569948,23.7270819,Švejk (Σβέικ - Ο Καλός Στρατιώτης),37.957566034178825,23.726515538983364,Czech Restaurant,0
"Neos Kosmos, Athens",37.9569948,23.7270819,Tomas,37.957415,23.724683,Turkish Restaurant,0
"Neos Kosmos, Athens",37.9569948,23.7270819,Pastore,37.957934297077,23.727930003834455,Bar,0
"Neos Kosmos, Athens",37.9569948,23.7270819,Η Κρήτη,37.95801881953719,23.727053437652277,Sandwich Place,0
"Neos Kosmos, Athens",37.9569948,23.7270819,PK Theater (Θέατρο ΠΚ),37.95804368916158,23.72550859675609,Theater,0
"Neos Kosmos, Athens",37.9569948,23.7270819,Mr Kostis,37.956427,23.724345,Bakery,0
"Neos Kosmos, Athens",37.9569948,23.7270819,Mondo,37.95783388175549,23.727611181278768,Café,0
"Neos Kosmos, Athens",37.9569948,23.7270819,Εκ Σίτου,37.9571726957757,23.726626891121008,Bakery,0
"Neos Kosmos, Athens",37.9569948,23.7270819,Gregory's (Γρηγόρης),37.95601598861168,23.724675975442715,Snack Place,0
"Neos Kosmos, Athens",37.9569948,23.7270819,Taza,37.95781792429438,23.727221625967168,Snack Place,0
"Neos Kosmos, Athens",37.9569948,23.7270819,Φαρμακείο Διαγούρτη Κωνσταντίνα,37.95581980685272,23.72490073588321,Pharmacy,0
"Neos Kosmos, Athens",37.9569948,23.7270819,Φαρμακείο Κώνστας Αθανάσιος,37.95751046420239,23.72887146096939,Pharmacy,0
"Neos Kosmos, Athens",37.9569948,23.7270819,Streat Dog,37.9566651736792,23.726752932940506,Hot Dog Joint,0
"Neos Kosmos, Athens",37.9569948,23.7270819,Everest,37.95581091314331,23.725255774228565,Snack Place,0
"Omonoia, Athens",37.9841825,23.7283018,Bread & Roses,37.98405350183659,23.729665118407734,Mediterranean Restaurant,0
"Omonoia, Athens",37.9841825,23.7283018,Fabrica De Vino,37.98299091458443,23.72999633953989,Wine Bar,0
"Omonoia, Athens",37.9841825,23.7283018,Grecotel Pallas Athena,37.98260891393724,23.727436664686053,Hotel,0
"Omonoia, Athens",37.9841825,23.7283018,Αθηναϊκόν,37.98388092826973,23.730195179840635,Greek Restaurant,0
"Omonoia, Athens",37.9841825,23.7283018,Τράτα,37.98421877664627,23.730938845918306,Fish Taverna,0
"Omonoia, Athens",37.9841825,23.7283018,National Theatre of Greece (Εθνικό Θέατρο),37.98474217257332,23.725541110739435,Theater,0
"Omonoia, Athens",37.9841825,23.7283018,Cupaki,37.983562,23.731014,Café,0
"Omonoia, Athens",37.9841825,23.7283018,Αγγέλων Βήμα,37.985333614044656,23.726018178004292,Theater,0
"Omonoia, Athens",37.9841825,23.7283018,Petit,37.98439616980929,23.726888219249485,Snack Place,0
"Omonoia, Athens",37.9841825,23.7283018,Αττικά Αρτοποιεία,37.98422241528287,23.72746720149148,Bakery,0
"Omonoia, Athens",37.9841825,23.7283018,Ambrosia Hotel & Suites ****,37.985092,23.72697,Hotel,0
"Omonoia, Athens",37.9841825,23.7283018,Iniohos Hotel,37.985745910180555,23.72755533337704,Hotel,0
"Omonoia, Athens",37.9841825,23.7283018,Athens Mirabello City Hotel,37.98430302659307,23.726105185109848,Hotel,0
"Omonoia, Athens",37.9841825,23.7283018,Φαρμακείο Μπακάκος,37.984337054808194,23.727047529858336,Pharmacy,0
Pangrati,37.9698825,23.7465995,Small8,37.97069932934569,23.746822260039647,Bar,0
Pangrati,37.9698825,23.7465995,Hippy 3,37.96993739932548,23.74760661092216,Cocktail Bar,0
Pangrati,37.9698825,23.7465995,Το Μαύρο Πρόβατο του Press Café,37.97140914983523,23.745059468859708,Meze Restaurant,0
Pangrati,37.9698825,23.7465995,Lost Athens,37.97107741133527,23.74640643596649,Restaurant,0
Pangrati,37.9698825,23.7465995,Tre Sorelle,37.97167798932329,23.74603763322008,Pizza Place,0
Pangrati,37.9698825,23.7465995,Ciao Italia,37.968023360064805,23.747028003328467,Italian Restaurant,0
Pangrati,37.9698825,23.7465995,Πνύκα Φούρνος,37.968522497835906,23.747941645037837,Bakery,0
Pangrati,37.9698825,23.7465995,Σποράκι Rock irish Pub,37.971067764455924,23.746548158830578,Bar,0
Pangrati,37.9698825,23.7465995,Άλσος Παγκρατίου,37.968700293007274,23.7472508996921,Park,0
Pangrati,37.9698825,23.7465995,Τρίγωνο,37.97189399534358,23.74572355229293,Café,0
Pangrati,37.9698825,23.7465995,Youkali (Γιουκάλι),37.968989892820055,23.74896390638891,Kafenio,0
Pangrati,37.9698825,23.7465995,Μαύρος Γάτος,37.971489,23.744794,Greek Restaurant,0
Pangrati,37.9698825,23.7465995,Pink Freud,37.97066141424162,23.746867806296905,Lounge,0
Pangrati,37.9698825,23.7465995,Καφέ Αρκούδα,37.9703388124248,23.747580512952233,Café,0
Pangrati,37.9698825,23.7465995,Millybird,37.971369,23.744823,Café,0
Pangrati,37.9698825,23.7465995,Skrow Theater,37.970614860942554,23.746869102623666,Theater,0
Pangrati,37.9698825,23.7465995,ραμόν,37.97006028082751,23.74756357590245,Bar,0
Pangrati,37.9698825,23.7465995,Musique Cafe and more...,37.971845061640295,23.74560758213655,Bar,0
Pangrati,37.9698825,23.7465995,Φούρνος Βενέτη,37.967728927604014,23.747370330692874,Bakery,0
Pangrati,37.9698825,23.7465995,Ok! bread,37.97171858315836,23.74599044754137,Bakery,0
Patisia,38.0238524,23.7360093,Τιθώρα,38.02315958572999,23.734615533607467,Bar,0
Patisia,38.0238524,23.7360093,Μάριος καφέ μεζέ,38.02471506932773,23.736392427767335,Meze Restaurant,0
Patisia,38.0238524,23.7360093,Μολώνης,38.02439893576908,23.733775906840965,Bakery,0
Patisia,38.0238524,23.7360093,Espressaki Snack & Coffee,38.023748268643295,23.735633871620696,Café,0
Patisia,38.0238524,23.7360093,Gema,38.023062584329814,23.736016835604776,Pool Hall,0
Patisia,38.0238524,23.7360093,Onoma The Art Bar,38.02324457496133,23.735815131323918,Bar,0
Patisia,38.0238524,23.7360093,Το Χωριάτικο,38.02209761731357,23.735888671095488,Bakery,0
Patisia,38.0238524,23.7360093,Rich Cafe,38.02325644883439,23.735850478017266,Café,0
Patisia,38.0238524,23.7360093,Gene Kelly,38.022931019530375,23.736080143003754,Dance Studio,0
Patisia,38.0238524,23.7360093,Στάση Αγ. Βαρβάρα,38.02347440379008,23.73720307248213,Bus Stop,0
Plaka,37.9728505,23.7300556,Yiasemi (Γιασεμί),37.97349940656474,23.727907940624572,Café,0
Plaka,37.9728505,23.7300556,Brettos,37.971736619641355,23.730462159278765,Distillery,0
Plaka,37.9728505,23.7300556,Blue Bird,37.97423143100123,23.73165425455647,Bar,0
Plaka,37.9728505,23.7300556,Ipitou,37.97426287530694,23.731596357898937,Bar,0
Plaka,37.9728505,23.7300556,Thea Terrace Bar,37.97436941509929,23.731059792338677,Roof Deck,0
Plaka,37.9728505,23.7300556,Anafiotika (Αναφιώτικα),37.973419,23.727784,Kafenio,0
Plaka,37.9728505,23.7300556,Oinoscent,37.974036804695494,23.732124583312125,Wine Bar,0
Plaka,37.9728505,23.7300556,Frissiras Museum (Μουσείο Φρυσίρα),37.972292921610254,23.73223117483005,Art Museum,0
Plaka,37.9728505,23.7300556,Kafeneio (Καφενείο),37.97260347629719,23.7295028588634,Greek Restaurant,0
Plaka,37.9728505,23.7300556,Άγιος Νικόλαος Ραγκαβά,37.972569871665996,23.72909032301503,Church,0
Plaka,37.9728505,23.7300556,Loser,37.97409658277021,23.732143725392145,Bar,0
Plaka,37.9728505,23.7300556,Κιμωλία Art Cafe,37.97353426232744,23.732687808868715,Café,0
Plaka,37.9728505,23.7300556,Beneths,37.9732731033807,23.72979279567674,Restaurant,0
Plaka,37.9728505,23.7300556,Boîte Apanemia (Μπουάτ Απανεμιά),37.97324053744755,23.727594992429374,Other Nightlife,0
Plaka,37.9728505,23.7300556,Cafe Plaka,37.973171737056255,23.72915925850738,Café,0
Plaka,37.9728505,23.7300556,Lysikrates Monument (Μνημείο Λυσικράτη),37.97103956183999,23.730027168235623,Historic Site,0
Plaka,37.9728505,23.7300556,Alice Inn Athens,37.97217710266284,23.732758039417366,Bed & Breakfast,0
Plaka,37.9728505,23.7300556,Melina Café (Μελίνα Café),37.973294659198125,23.728730060616655,Café,0
Plaka,37.9728505,23.7300556,L' Audrion,37.971741490302435,23.731056104390333,French Restaurant,0
Plaka,37.9728505,23.7300556,Pantheon By Axiotis,37.97181,23.73132,Bakery,0
Plaka,37.9728505,23.7300556,Palia Taverna tou Psarra (Παλιά Ταβέρνα του Ψαρρά),37.97303614723046,23.728610294039974,Taverna,0
Plaka,37.9728505,23.7300556,Hellenic Children's Museum (Ελληνικό Παιδικό Μουσείο),37.972277612690185,23.73170968689312,Museum,0
Plaka,37.9728505,23.7300556,Ambrosia The Refreshment Bar,37.972116,23.73036,Juice Bar,0
Plaka,37.9728505,23.7300556,Καφέ Κυδαθηναίων,37.971795932224296,23.731084472228975,Café,0
"Profitis Ilias, Athens",37.9656206,23.7496484,Φαρμακείο Παπανικολάου Νίκος,37.964017259561004,23.75113577148123,Pharmacy,0
"Profitis Ilias, Athens",37.9656206,23.7496484,Μπρίκι,37.966314898805614,23.74835731638912,Bar,0
"Profitis Ilias, Athens",37.9656206,23.7496484,See You,37.96598895057752,23.748622697465855,Bar,0
"Profitis Ilias, Athens",37.9656206,23.7496484,Acapus,37.965028346195886,23.751494668876468,Café,0
"Profitis Ilias, Athens",37.9656206,23.7496484,Παπαγάλος,37.96412552884136,23.751054911214208,Snack Place,0
"Profitis Ilias, Athens",37.9656206,23.7496484,Σάββας Κεμπάπ,37.96399931088197,23.747782490180015,Kebab Restaurant,0
"Profitis Ilias, Athens",37.9656206,23.7496484,KFC,37.9665318,23.7487787,Fast Food Restaurant,0
"Profitis Ilias, Athens",37.9656206,23.7496484,Gallery,37.966608665642084,23.748405228171816,Creperie,0
"Profitis Ilias, Athens",37.9656206,23.7496484,24ωρο,37.96395483339385,23.747738096133588,Creperie,0
"Psirri, Athens",37.978742,23.7251703,Καραμανλίδικα του Φάνη,37.98016872811729,23.72575713025251,Meze Restaurant,0
"Psirri, Athens",37.978742,23.7251703,Juan Rodriguez Bar,37.97889148430694,23.726330952548786,Whisky Bar,0
"Psirri, Athens",37.978742,23.7251703,The Handlebar,37.97920496676572,23.72610283157581,Bar,0
"Psirri, Athens",37.978742,23.7251703,Crust,37.97806589208883,23.725404769308085,Pizza Place,0
"Psirri, Athens",37.978742,23.7251703,Falafel House,37.97809278875602,23.72663539994878,Falafel Restaurant,0
"Psirri, Athens",37.978742,23.7251703,six d.o.g.s,37.977505170237976,23.72683918837725,Bar,0
"Psirri, Athens",37.978742,23.7251703,Barrett,37.9780900134331,23.725637697293095,Café,0
"Psirri, Athens",37.978742,23.7251703,Cinque Wine & Deli Bar,37.978446,23.723437,Wine Bar,0
"Psirri, Athens",37.978742,23.7251703,Της Θεάτρου Το Στέκι,37.980702812964815,23.725394499850893,Kafenio,0
"Psirri, Athens",37.978742,23.7251703,Avli (Αυλή),37.97968551588857,23.72581513514701,Greek Restaurant,0
"Psirri, Athens",37.978742,23.7251703,"Ψητοπωλείο ""Ο Νικήτας""",37.9787,23.724007,Restaurant,0
"Psirri, Athens",37.978742,23.7251703,Ακορντεόν,37.97756374884828,23.723670489590866,Greek Restaurant,0
"Psirri, Athens",37.978742,23.7251703,Kalimeres,37.97851,23.72388,Wine Bar,0
"Psirri, Athens",37.978742,23.7251703,Συν-οικία Πιττάκη,37.97722651524402,23.724659228641734,Public Art,0
"Psirri, Athens",37.978742,23.7251703,Feyrouz,37.97811208203773,23.727797659211063,Middle Eastern Restaurant,0
"Psirri, Athens",37.978742,23.7251703,Meidanis (Στου Μεϊδάνη),37.98028108089223,23.725827186314906,Greek Restaurant,0
"Psirri, Athens",37.978742,23.7251703,Atlantikos (Ατλαντικός),37.97749104076038,23.722984637496985,Greek Restaurant,0
"Psirri, Athens",37.978742,23.7251703,Spiti mas,37.97786564921075,23.72293445429097,Bistro,0
"Psirri, Athens",37.978742,23.7251703,Mirch,37.977029871362205,23.723681496112583,Indian Restaurant,0
"Psirri, Athens",37.978742,23.7251703,Couleur Locale,37.97662401934152,23.7246172061138,Bar,0
"Psirri, Athens",37.978742,23.7251703,POLIS HAMMAM,37.97750984161798,23.723141383855346,Spa,0
"Psirri, Athens",37.978742,23.7251703,Bedbox,37.97897744965482,23.727529691204566,Hostel,0
"Psirri, Athens",37.978742,23.7251703,The Art Foundation (TAF Athens),37.97656016068955,23.724549378445914,Art Gallery,0
"Psirri, Athens",37.978742,23.7251703,Δίπορτο,37.98065784354256,23.726019288454676,Greek Restaurant,0
"Psirri, Athens",37.978742,23.7251703,Μπριζολάκια του Τέλη,37.98040872304492,23.72337421896318,Grilled Meat Restaurant,0
"Psirri, Athens",37.978742,23.7251703,Μινώταυρος,37.98033897630895,23.72343564281303,Grilled Meat Restaurant,0
"Psirri, Athens",37.978742,23.7251703,Klimataria (Κληματαριά),37.980602,23.724567,Taverna,0
"Psirri, Athens",37.978742,23.7251703,Karamanlika,37.980105,23.725496,Restaurant,0
"Psirri, Athens",37.978742,23.7251703,Boiler,37.97910383212964,23.726948818423534,Bar,0
"Psirri, Athens",37.978742,23.7251703,Athens Center Square Hotel,37.98044661064606,23.7262578071783,Hotel,0
"Psirri, Athens",37.978742,23.7251703,Evripides Hotel,37.98032282509951,23.7236184389851,Hotel,0
"Psirri, Athens",37.978742,23.7251703,Athens Escape rooms,37.97996523411882,23.72644849980982,Escape Room,0
"Psirri, Athens",37.978742,23.7251703,Arion Athens Hotel,37.97946825290897,23.725619237077392,Hotel,0
"Psirri, Athens",37.978742,23.7251703,Θεϊκόν,37.98047675019045,23.726968695048317,Grilled Meat Restaurant,0
"Psirri, Athens",37.978742,23.7251703,Cecil Hotel,37.97912739706414,23.726722801234533,Hotel,0
"Rouf, Athens",37.9783484,23.7121519,The Lazy Bulldog Pub,37.97732859919976,23.713107387711005,Pub,0
"Rouf, Athens",37.9783484,23.7121519,A Little Taste of Home,37.97848881934018,23.7102417750872,Restaurant,0
"Rouf, Athens",37.9783484,23.7121519,Thai Zab,37.978013,23.710095,Thai Restaurant,0
"Rouf, Athens",37.9783484,23.7121519,A Liar Man,37.979675083653454,23.711717390500116,Bar,0
"Rouf, Athens",37.9783484,23.7121519,Gym Spot,37.97842538603505,23.71098871832438,Gym,0
"Rouf, Athens",37.9783484,23.7121519,Βιομηxανικό Μουσείο Φωταερίου,37.97827626745969,23.713529520809875,Museum,0
"Rouf, Athens",37.9783484,23.7121519,The Place By Coco-Mat.Bike,37.979279,23.71191,Café,0
"Rouf, Athens",37.9783484,23.7121519,Street Shadows,37.97898978852952,23.711894401419165,Dance Studio,0
"Rouf, Athens",37.9783484,23.7121519,Dinner In The Sky,37.978270540883244,23.71320680809589,Restaurant,0
"Rouf, Athens",37.9783484,23.7121519,Intrepid Fox,37.97904415493446,23.711760729553628,Bar,0
"Rouf, Athens",37.9783484,23.7121519,Terraza,37.977539062623954,23.712633718584513,Nightclub,0
"Rouf, Athens",37.9783484,23.7121519,Afrikana Jazz Bar,37.97877728560615,23.71435949975738,Bar,0
"Rouf, Athens",37.9783484,23.7121519,Plastiko Cocktails Cafe,37.97908009487903,23.711578657760743,Cocktail Bar,0
"Rouf, Athens",37.9783484,23.7121519,Blast Athens,37.97923757947467,23.713473409270733,Nightclub,0
"Rouf, Athens",37.9783484,23.7121519,Baile De Barrio,37.978472936989725,23.709805011749268,Dance Studio,0
"Rouf, Athens",37.9783484,23.7121519,gazARTE,37.978902607491406,23.71237242875694,Bar,0
"Rouf, Athens",37.9783484,23.7121519,Quick Pleasure,37.977243429356776,23.712183028996176,Italian Restaurant,0
"Rouf, Athens",37.9783484,23.7121519,Zafran Indian Kitchen,37.97764,23.712582,Indian Restaurant,0
"Rouf, Athens",37.9783484,23.7121519,Gazi College,37.978694376572406,23.71078897020892,Café,0
"Rouf, Athens",37.9783484,23.7121519,Θέατρο 104,37.979742104430066,23.711523644675285,Theater,0
"Rouf, Athens",37.9783484,23.7121519,Σύγχρονο Θέατρο,37.98002895192425,23.711334675927738,Theater,0
"Rouf, Athens",37.9783484,23.7121519,Spook All Day Cafe & Eatery,37.976957748499494,23.713673140606073,Food Truck,0
"Rouf, Athens",37.9783484,23.7121519,Κορκόφυλας,37.97654785999428,23.71323272278565,Greek Restaurant,0
"Rouf, Athens",37.9783484,23.7121519,Φωταέριο,37.97713310991566,23.713125502335917,Nightclub,0
"Rouf, Athens",37.9783484,23.7121519,Λέσχη Φίλων Κόμικς (ΛΕΦΙΚ),37.97996133969968,23.714118003845215,Social Club,0
"Rouf, Athens",37.9783484,23.7121519,Johnie Hot Dog,37.98013270838415,23.71368005764885,Hot Dog Joint,0
"Rouf, Athens",37.9783484,23.7121519,Οινομαγειρείο της Αλεξάνδρας,37.97737618974394,23.70999593656527,Greek Restaurant,0
"Rouf, Athens",37.9783484,23.7121519,O Petros (Ο Πέτρος),37.97659437657516,23.713795401805292,Greek Restaurant,0
"Rouf, Athens",37.9783484,23.7121519,Ταξίδι,37.97808500816001,23.709476879872366,Gay Bar,0
"Rouf, Athens",37.9783484,23.7121519,Akanthus,37.97699846747403,23.712388172261292,Nightclub,0
"Rouf, Athens",37.9783484,23.7121519,Λάιμ bistro,37.97732745307472,23.709977608355974,Vegetarian / Vegan Restaurant,0
"Rouf, Athens",37.9783484,23.7121519,Υποβρύχιο,37.97690504091278,23.710147857334515,Greek Restaurant,0
"Rouf, Athens",37.9783484,23.7121519,Σαρακίνικο,37.97726285732318,23.710012870325066,Tsipouro Restaurant,0
"Rouf, Athens",37.9783484,23.7121519,Αρχιτεκτονική Live,37.976378452269245,23.710825894444028,Music Venue,0
Skouze Hill,37.9386964,23.6451059,Che,37.94036132726036,23.646080958670236,South American Restaurant,0
Skouze Hill,37.9386964,23.6451059,American House Toast,37.939002787894765,23.647176172379357,Burger Joint,0
Skouze Hill,37.9386964,23.6451059,Streat Dog,37.93953981413784,23.644031112388312,Hot Dog Joint,0
Skouze Hill,37.9386964,23.6451059,Phidias Piraeus Hotel,37.93964582006261,23.647090103470035,Hotel,0
Skouze Hill,37.9386964,23.6451059,Coffee Tales,37.94063839337859,23.64481999783355,Café,0
Skouze Hill,37.9386964,23.6451059,Top Fit Gym,37.93957112558076,23.646726729268433,Gym,0
Skouze Hill,37.9386964,23.6451059,Pizza Hut,37.9391699,23.6476915,Pizza Place,0
Thiseio,37.9767658,23.7203289,Temple of Hephaistos (Ναός Ηφαίστου),37.97553015468454,23.721606484767744,Historic Site,0
Thiseio,37.9767658,23.7203289,Hammam Baths,37.97845756580087,23.72057057150401,Spa,0
Thiseio,37.9767658,23.7203289,Minú,37.978146,23.721247,Garden Center,0
Thiseio,37.9767658,23.7203289,O&B Athens All Day Bar Restaurant,37.97750038482248,23.72193932533264,Restaurant,0
Thiseio,37.9767658,23.7203289,Heliaia,37.976286,23.722076,Greek Restaurant,0
Thiseio,37.9767658,23.7203289,O&B Athens Boutique Hotel,37.9775291326163,23.72201204750404,Hotel,0
Thiseio,37.9767658,23.7203289,Indian Masala,37.97728227481989,23.721960480449905,Indian Restaurant,0
Thiseio,37.9767658,23.7203289,Τα Καραμανλίδικα του Φάνη - Μεζετζίδικο,37.977063,23.722809,Meze Restaurant,0
Thiseio,37.9767658,23.7203289,Kuzina,37.9764285340136,23.721982100023503,Greek Restaurant,0
Thiseio,37.9767658,23.7203289,The James Joyce Irish Pub & Restaurant,37.976888351234244,23.722744897468814,Irish Pub,0
Thiseio,37.9767658,23.7203289,Atlantikos (Ατλαντικός),37.97749104076038,23.722984637496985,Greek Restaurant,0
Thiseio,37.9767658,23.7203289,Το Λοκάλι,37.978743,23.72169,Café,0
Thiseio,37.9767658,23.7203289,Θησείον,37.97845007252923,23.72104710034203,Theater,0
Thiseio,37.9767658,23.7203289,Πάρκο Ηρώδου Αττικού,37.975779016870014,23.719594584259422,Park,0
Thiseio,37.9767658,23.7203289,Herakleidon Museum (Μουσείο Ηρακλειδών),37.97513657707894,23.71854769543039,Art Museum,0
Thiseio,37.9767658,23.7203289,Abodé,37.97783392850277,23.72109807135466,Café,0
Thiseio,37.9767658,23.7203289,Μικρό Πολυτεχνείο,37.97769389311536,23.721499144888377,Performing Arts Venue,0
Thiseio,37.9767658,23.7203289,Aloustines (Αλουστίνες),37.97526269094328,23.71827431491006,Bar,0
Thiseio,37.9767658,23.7203289,To Kousoulo,37.97518312163928,23.71837466955185,Mediterranean Restaurant,0
Thiseio,37.9767658,23.7203289,Το Στέκι του Ηλία Νο2,37.977078374278726,23.71823496406343,Greek Restaurant,0
Thiseio,37.9767658,23.7203289,Παιώνια,37.976091802126284,23.718509232901503,Tea Room,0
Thiseio,37.9767658,23.7203289,Gyristroula (Γυριστρούλα),37.97699388745058,23.72121168189436,Grilled Meat Restaurant,0
Thiseio,37.9767658,23.7203289,Coyoacan Athens,37.97506739166823,23.719087171306047,South American Restaurant,0
Thiseio,37.9767658,23.7203289,Athenaum «Κελάρι»,37.97669728654652,23.721577488164776,Wine Bar,0
Thiseio,37.9767658,23.7203289,Diavlos (Δίαυλος),37.97677128224997,23.721290870084,Meze Restaurant,0
Thiseio,37.9767658,23.7203289,Elias,37.97727854753823,23.721271469445863,Bakery,0
Thiseio,37.9767658,23.7203289,Jason Inn Hotel,37.9785848687022,23.720580860346335,Hotel,0
Thiseio,37.9767658,23.7203289,Χώρος Τέχνης Ασωμάτων,37.97811367968124,23.720866954979144,Performing Arts Venue,0
Thiseio,37.9767658,23.7203289,Αυλή,37.975107203991925,23.718640640762814,Café,0
Thiseio,37.9767658,23.7203289,Lontos,37.974628380664505,23.71975065550948,Mediterranean Restaurant,0
Thiseio,37.9767658,23.7203289,Phidias Hotel,37.97503227289647,23.719672800620508,Hotel,0
Thiseio,37.9767658,23.7203289,Abibayio (Αμπιμπάγιο),37.97508,23.718617,Meze Restaurant,0
Thiseio,37.9767658,23.7203289,Mentor,37.97551054979693,23.719677867797095,Café,0
Thiseio,37.9767658,23.7203289,Ηλιοστάσιο,37.97467240275714,23.719288997067082,Café,0
Thiseio,37.9767658,23.7203289,space  by avli,37.97508778756146,23.71863248415,Café,0
Votanikos,37.98060475,23.70976907824509,A Liar Man,37.979675083653454,23.711717390500116,Bar,0
Votanikos,37.98060475,23.70976907824509,A Little Taste of Home,37.97848881934018,23.7102417750872,Restaurant,0
Votanikos,37.98060475,23.70976907824509,Bequeer,37.980938245918296,23.71227888985597,Nightclub,0
Votanikos,37.98060475,23.70976907824509,MoMix - Μolecular Μixology,37.98116639944863,23.71252315684729,Cocktail Bar,0
Votanikos,37.98060475,23.70976907824509,The Place By Coco-Mat.Bike,37.979279,23.71191,Café,0
Votanikos,37.98060475,23.70976907824509,Θέατρο 104,37.979742104430066,23.711523644675285,Theater,0
Votanikos,37.98060475,23.70976907824509,Intrepid Fox,37.97904415493446,23.711760729553628,Bar,0
Votanikos,37.98060475,23.70976907824509,Plastiko Cocktails Cafe,37.97908009487903,23.711578657760743,Cocktail Bar,0
Votanikos,37.98060475,23.70976907824509,Baile De Barrio,37.978472936989725,23.709805011749268,Dance Studio,0
Votanikos,37.98060475,23.70976907824509,Θέατρο Olvio,37.98122423942989,23.709362034987556,Theater,0
Votanikos,37.98060475,23.70976907824509,Gazi College,37.978694376572406,23.71078897020892,Café,0
